name	certificate_expires_at	days_left
Aramco	2026-09-24	77
BOC	2026-11-06	120
Beijing	2026-08-22	44
ChinaAcademy	2028-10-27	841
ChinaPower	2028-10-21	835
Election	2028-04-27	658
Forever	2027-02-05	211
National	2029-01-25	932
Postal	2028-08-09	762
Rural	2028-11-14	859
Takeoff	2028-06-04	696
Vietnam	2028-04-21	652
Wuling	2027-05-30	325
XL	2029-02-17	955
China-National-Heavy-Duty-Truck-Group-Co.-Ltd.	2026-10-29	112
China-Telecom-Corporation-Limited	2029-02-23	960
Guangzhou-Huahan-Educational-Technology-Co.-Ltd.	2028-01-23	563
Jiangsu-Simcere-Pharmaceutical-Co.-Ltd-workone	2028-03-06	606
Moving-Increasingly-Interconnected-Technology-Co.-Ltd-com.oa11	2029-06-12	1069
Tianjin-University-of-Commerce	2027-02-25	231
VIETNAM-AIRLINES-JSC-MOPLUS-LIDO-UAT	2028-08-06	759
VIETNAM-JOINT-STOCK-COMMERCIAL-BANK-FOR-INDUSTRY-AND-TRADE	2027-06-05	331
